object_id,title,year,download_url
3,The Honza Dream,2006,https://archive.qzap.org/index.php/Detail/Object/DownloadRepresentation/representation_id/2/object_id/3/download/1/version/original
5,MXD Zine #1 - True Stories By Mixed Race Writers,2007,https://archive.qzap.org/index.php/Detail/Object/DownloadRepresentation/representation_id/389/object_id/5/download/1/version/original
11,Gay Famous,2010,https://archive.qzap.org/index.php/Detail/Object/DownloadRepresentation/representation_id/410/object_id/11/download/1/version/original
13,Butcher Queers #4,2010,https://archive.qzap.org/index.php/Detail/Object/DownloadRepresentation/representation_id/700/object_id/13/download/1/version/original
15,Queer & Trans Sexual Assault: A Youth Issue,2007,https://archive.qzap.org/index.php/Detail/Object/DownloadRepresentation/representation_id/439/object_id/15/download/1/version/original
16,queer mutiny not 'gay community'!,2003,https://archive.qzap.org/index.php/Detail/Object/DownloadRepresentation/representation_id/473/object_id/16/download/1/version/original
17,THERE ARE NO QUEER TEEN SUICIDES,2004,https://archive.qzap.org/index.php/Detail/Object/DownloadRepresentation/representation_id/32/object_id/17/download/1/version/original
20,"GLOV93
A benefit for Gays and Lesbians Opposing Violence (GLOV)",1993,https://archive.qzap.org/index.php/Detail/Object/DownloadRepresentation/representation_id/412/object_id/20/download/1/version/original
22,The Queer Punk Revolution Has Begun,1993,https://archive.qzap.org/index.php/Detail/Object/DownloadRepresentation/representation_id/474/object_id/22/download/1/version/original
23,PoRcaMaDoNna,1997,https://archive.qzap.org/index.php/Detail/Object/DownloadRepresentation/representation_id/484/object_id/23/download/1/version/original
29,End the Policies of Genocide,unknown,https://archive.qzap.org/index.php/Detail/Object/DownloadRepresentation/representation_id/35/object_id/29/download/1/version/original
30,So This One Time I Turn Up For A Trick...: Outcall Stories of Regrette Etcetera 2008-10,2010,https://archive.qzap.org/index.php/Detail/Object/DownloadRepresentation/representation_id/443/object_id/30/download/1/version/original
31,Gendercide #1,2006,https://archive.qzap.org/index.php/Detail/Object/DownloadRepresentation/representation_id/95/object_id/31/download/1/version/original
32,Gendercide #2,2007,https://archive.qzap.org/index.php/Detail/Object/DownloadRepresentation/representation_id/96/object_id/32/download/1/version/original
33,Queeruption InfoZine 2004,2004,https://archive.qzap.org/index.php/Detail/Object/DownloadRepresentation/representation_id/470/object_id/33/download/1/version/original
34,575,unknown,https://archive.qzap.org/index.php/Detail/Object/DownloadRepresentation/representation_id/19/object_id/34/download/1/version/original
35,U.S. Kweer Corps #9,2000,https://archive.qzap.org/index.php/Detail/Object/DownloadRepresentation/representation_id/293/object_id/35/download/1/version/original
36,U. S. Kweer Corps #10,2000,https://archive.qzap.org/index.php/Detail/Object/DownloadRepresentation/representation_id/294/object_id/36/download/1/version/original
37,Gender Trouble,2006,https://archive.qzap.org/index.php/Detail/Object/DownloadRepresentation/representation_id/10/object_id/37/download/1/version/original
38,Queer Zine Explosion #7,1993,https://archive.qzap.org/index.php/Detail/Object/DownloadRepresentation/representation_id/344/object_id/38/download/1/version/original
39,Interview With A Zombie,2007,https://archive.qzap.org/index.php/Detail/Object/DownloadRepresentation/representation_id/141/object_id/39/download/1/version/original
40,Gendercide #3,2007,https://archive.qzap.org/index.php/Detail/Object/DownloadRepresentation/representation_id/12/object_id/40/download/1/version/original
41,A Short Guide To Elliot The Supercat,2008,https://archive.qzap.org/index.php/Detail/Object/DownloadRepresentation/representation_id/11/object_id/41/download/1/version/original
42,"A Quick Guide to Transgender Healthcare Information In Davis, CA",2007,https://archive.qzap.org/index.php/Detail/Object/DownloadRepresentation/representation_id/147/object_id/42/download/1/version/original
43,Testosterone Junky,2000,https://archive.qzap.org/index.php/Detail/Object/DownloadRepresentation/representation_id/406/object_id/43/download/1/version/original
44,Vibrators 'R Unnatural,2000,https://archive.qzap.org/index.php/Detail/Object/DownloadRepresentation/representation_id/301/object_id/44/download/1/version/original
45,The Future is Now,2006,https://archive.qzap.org/index.php/Detail/Object/DownloadRepresentation/representation_id/176/object_id/45/download/1/version/original
46,Crush mini-zine,2005,https://archive.qzap.org/index.php/Detail/Object/DownloadRepresentation/representation_id/146/object_id/46/download/1/version/original
47,Gendercide #5,2008,https://archive.qzap.org/index.php/Detail/Object/DownloadRepresentation/representation_id/97/object_id/47/download/1/version/original
48,Map and Visitor's Guide To Things I Found In My Back Pocket,2006,https://archive.qzap.org/index.php/Detail/Object/DownloadRepresentation/representation_id/101/object_id/48/download/1/version/original
49,I'm Queer.  You're Straight.,1996,https://archive.qzap.org/index.php/Detail/Object/DownloadRepresentation/representation_id/359/object_id/49/download/1/version/original
50,Sass! #1,2009,https://archive.qzap.org/index.php/Detail/Object/DownloadRepresentation/representation_id/80/object_id/50/download/1/version/original
51,Negaiva #2,1991,https://archive.qzap.org/index.php/Detail/Object/DownloadRepresentation/representation_id/239/object_id/51/download/1/version/original
52,Negativa #4,1991,https://archive.qzap.org/index.php/Detail/Object/DownloadRepresentation/representation_id/238/object_id/52/download/1/version/original
53,Recycled,2010,https://archive.qzap.org/index.php/Detail/Object/DownloadRepresentation/representation_id/441/object_id/53/download/1/version/original
54,The Transgender Herb Garden,2009,https://archive.qzap.org/index.php/Detail/Object/DownloadRepresentation/representation_id/34/object_id/54/download/1/version/original
55,Emily Dickenson Was A Fucking Ninja,2010,https://archive.qzap.org/index.php/Detail/Object/DownloadRepresentation/representation_id/191/object_id/55/download/1/version/original
56,Poly,2010,https://archive.qzap.org/index.php/Detail/Object/DownloadRepresentation/representation_id/63/object_id/56/download/1/version/original
57,Queers In Space #1,2001,https://archive.qzap.org/index.php/Detail/Object/DownloadRepresentation/representation_id/79/object_id/57/download/1/version/original
58,Girly #5,1996,https://archive.qzap.org/index.php/Detail/Object/DownloadRepresentation/representation_id/321/object_id/58/download/1/version/original
59,How We Kiss: privilege on the dance floor,2011,https://archive.qzap.org/index.php/Detail/Object/DownloadRepresentation/representation_id/360/object_id/59/download/1/version/original
60,Fun Sex Manual #1,2012,https://archive.qzap.org/index.php/Detail/Object/DownloadRepresentation/representation_id/154/object_id/60/download/1/version/original
61,Our Library Crushes,2012,https://archive.qzap.org/index.php/Detail/Object/DownloadRepresentation/representation_id/240/object_id/61/download/1/version/original
62,Va te faire Queer un Oeuf #2,2011,https://archive.qzap.org/index.php/Detail/Object/DownloadRepresentation/representation_id/302/object_id/62/download/1/version/original
63,Va te faire Queer un Oeuf #3,2011,https://archive.qzap.org/index.php/Detail/Object/DownloadRepresentation/representation_id/485/object_id/63/download/1/version/original
64,Transform the Police that Live Inside of You #1,2012,https://archive.qzap.org/index.php/Detail/Object/DownloadRepresentation/representation_id/425/object_id/64/download/1/version/original
65,"Young, Homeless, & Vulnerable: The Plight of the Kayayo Girls of Ghana",2012,https://archive.qzap.org/index.php/Detail/Object/DownloadRepresentation/representation_id/295/object_id/65/download/1/version/original
66,Spice (one off zine),1997,https://archive.qzap.org/index.php/Detail/Object/DownloadRepresentation/representation_id/421/object_id/66/download/1/version/original
67,Skint 2: King Porn,2000,https://archive.qzap.org/index.php/Detail/Object/DownloadRepresentation/representation_id/453/object_id/67/download/1/version/original
69,Audio Vaginal Davis Is Coming,1994,https://archive.qzap.org/index.php/Detail/Object/DownloadRepresentation/representation_id/403/object_id/69/download/1/version/large
73,Queeruption 9 Schedule,2006,https://archive.qzap.org/index.php/Detail/Object/DownloadRepresentation/representation_id/434/object_id/73/download/1/version/original
74,Anonymous Boy Collection #3,1994,https://archive.qzap.org/index.php/Detail/Object/DownloadRepresentation/representation_id/38/object_id/74/download/1/version/original
75,Anonymous Boy Collection #4,1994,https://archive.qzap.org/index.php/Detail/Object/DownloadRepresentation/representation_id/39/object_id/75/download/1/version/original
76,Anonymous Boy Collection #7,1999,https://archive.qzap.org/index.php/Detail/Object/DownloadRepresentation/representation_id/44/object_id/76/download/1/version/original
77,Anonymous Boy Collection #9,2009,https://archive.qzap.org/index.php/Detail/Object/DownloadRepresentation/representation_id/43/object_id/77/download/1/version/original
78,Dinosaurs Had Feathers,2007,https://archive.qzap.org/index.php/Detail/Object/DownloadRepresentation/representation_id/357/object_id/78/download/1/version/original
79,Figment Fragment #3,unknown,https://archive.qzap.org/index.php/Detail/Object/DownloadRepresentation/representation_id/310/object_id/79/download/1/version/original
80,p.o.f. #1,1993,https://archive.qzap.org/index.php/Detail/Object/DownloadRepresentation/representation_id/393/object_id/80/download/1/version/original
81,Take Heart with Pinkie Raised #1,2004,https://archive.qzap.org/index.php/Detail/Object/DownloadRepresentation/representation_id/423/object_id/81/download/1/version/original
82,Musings of a Feral Fag,2007,https://archive.qzap.org/index.php/Detail/Object/DownloadRepresentation/representation_id/388/object_id/82/download/1/version/original
83,The Only Constant is Change,unknown,https://archive.qzap.org/index.php/Detail/Object/DownloadRepresentation/representation_id/463/object_id/83/download/1/version/original
84,GMS Headbanger - June 1995,1995,https://archive.qzap.org/index.php/Detail/Object/DownloadRepresentation/representation_id/7/object_id/84/download/1/version/original
85,Lithp Gay,2008,https://archive.qzap.org/index.php/Detail/Object/DownloadRepresentation/representation_id/140/object_id/85/download/1/version/original
86,Anonymous Boy Collection #1,1993,https://archive.qzap.org/index.php/Detail/Object/DownloadRepresentation/representation_id/36/object_id/86/download/1/version/original
87,Anonymous Boy Collection #2,1993,https://archive.qzap.org/index.php/Detail/Object/DownloadRepresentation/representation_id/37/object_id/87/download/1/version/original
88,Anonymous Boy Collection #5,1995,https://archive.qzap.org/index.php/Detail/Object/DownloadRepresentation/representation_id/40/object_id/88/download/1/version/original
89,Anonymous Boy Collection #6,1997,https://archive.qzap.org/index.php/Detail/Object/DownloadRepresentation/representation_id/41/object_id/89/download/1/version/original
90,Out Damn Spot #4,unknown,https://archive.qzap.org/index.php/Detail/Object/DownloadRepresentation/representation_id/158/object_id/90/download/1/version/original
91,Spew Fo(u)rth Halifax,2009,https://archive.qzap.org/index.php/Detail/Object/DownloadRepresentation/representation_id/419/object_id/91/download/1/version/original
92,The SPPSSM Guide To Proper Saphic Styling,2010,https://archive.qzap.org/index.php/Detail/Object/DownloadRepresentation/representation_id/415/object_id/92/download/1/version/original
93,From Cross to Trans,2010,https://archive.qzap.org/index.php/Detail/Object/DownloadRepresentation/representation_id/192/object_id/93/download/1/version/original
94,Learn To Make Your Own Harness!,2011,https://archive.qzap.org/index.php/Detail/Object/DownloadRepresentation/representation_id/125/object_id/94/download/1/version/original
95,Nikita's Boot #1,1993,https://archive.qzap.org/index.php/Detail/Object/DownloadRepresentation/representation_id/340/object_id/95/download/1/version/original
96,Queeruption 8 KArcalona infozine,2005,https://archive.qzap.org/index.php/Detail/Object/DownloadRepresentation/representation_id/486/object_id/96/download/1/version/original
97,Pussytown #2,1990,https://archive.qzap.org/index.php/Detail/Object/DownloadRepresentation/representation_id/369/object_id/97/download/1/version/original
98,Pussytown #1,1990,https://archive.qzap.org/index.php/Detail/Object/DownloadRepresentation/representation_id/367/object_id/98/download/1/version/original
99,Figment Fragment #2,unknown,https://archive.qzap.org/index.php/Detail/Object/DownloadRepresentation/representation_id/309/object_id/99/download/1/version/original
100,Queeruption INFOzine,2004,https://archive.qzap.org/index.php/Detail/Object/DownloadRepresentation/representation_id/435/object_id/100/download/1/version/original
101,Anonymous Boy Collection #8,2000,https://archive.qzap.org/index.php/Detail/Object/DownloadRepresentation/representation_id/42/object_id/101/download/1/version/original
102,Some Boys Bleed,2005,https://archive.qzap.org/index.php/Detail/Object/DownloadRepresentation/representation_id/400/object_id/102/download/1/version/original
103,Chaos Order #1,1994,https://archive.qzap.org/index.php/Detail/Object/DownloadRepresentation/representation_id/329/object_id/103/download/1/version/original
104,Womyn Who Masturbate #5,1994,https://archive.qzap.org/index.php/Detail/Object/DownloadRepresentation/representation_id/46/object_id/104/download/1/version/original
105,Rebel Fux #1,1998,https://archive.qzap.org/index.php/Detail/Object/DownloadRepresentation/representation_id/426/object_id/105/download/1/version/original
106,Boy Crazy Boy #1,1993,https://archive.qzap.org/index.php/Detail/Object/DownloadRepresentation/representation_id/15/object_id/106/download/1/version/original
107,Barbra's Psychic Anus #2,1992,https://archive.qzap.org/index.php/Detail/Object/DownloadRepresentation/representation_id/99/object_id/107/download/1/version/original
108,Bleached Blonde Bimbos #1,2004,https://archive.qzap.org/index.php/Detail/Object/DownloadRepresentation/representation_id/123/object_id/108/download/1/version/original
109,Out Of The Closets and Into The Libraries #1,2005,https://archive.qzap.org/index.php/Detail/Object/DownloadRepresentation/representation_id/242/object_id/109/download/1/version/original
110,Dentistry,unknown,https://archive.qzap.org/index.php/Detail/Object/DownloadRepresentation/representation_id/21/object_id/110/download/1/version/original
111,Rebel Fux #7,1996,https://archive.qzap.org/index.php/Detail/Object/DownloadRepresentation/representation_id/429/object_id/111/download/1/version/original
112,Bleached Blonde Bimbos #2,2005,https://archive.qzap.org/index.php/Detail/Object/DownloadRepresentation/representation_id/124/object_id/112/download/1/version/original
113,Homocore Toronto #2,1993,https://archive.qzap.org/index.php/Detail/Object/DownloadRepresentation/representation_id/353/object_id/113/download/1/version/original
114,My Second Lesbian Colouring Book,2006,https://archive.qzap.org/index.php/Detail/Object/DownloadRepresentation/representation_id/259/object_id/114/download/1/version/original
115,Scratch #5,2006,https://archive.qzap.org/index.php/Detail/Object/DownloadRepresentation/representation_id/396/object_id/115/download/1/version/original
116,Pirate Cheerleaders,2003,https://archive.qzap.org/index.php/Detail/Object/DownloadRepresentation/representation_id/62/object_id/116/download/1/version/original
117,Violin Outbreak #11,unknown,https://archive.qzap.org/index.php/Detail/Object/DownloadRepresentation/representation_id/457/object_id/117/download/1/version/original
118,Writing Love Letters To Your Pants,2003,https://archive.qzap.org/index.php/Detail/Object/DownloadRepresentation/representation_id/296/object_id/118/download/1/version/original
119,Rebel Fux #4,unknown,https://archive.qzap.org/index.php/Detail/Object/DownloadRepresentation/representation_id/427/object_id/119/download/1/version/original
120,Rebel Fux #5,1996,https://archive.qzap.org/index.php/Detail/Object/DownloadRepresentation/representation_id/428/object_id/120/download/1/version/original
121,Rebel Fux #13,1997,https://archive.qzap.org/index.php/Detail/Object/DownloadRepresentation/representation_id/430/object_id/121/download/1/version/original
122,Not Your Bitch #5,1995,https://archive.qzap.org/index.php/Detail/Object/DownloadRepresentation/representation_id/263/object_id/122/download/1/version/original
123,How to Get Your Groove On... Fluid Free,unknown,https://archive.qzap.org/index.php/Detail/Object/DownloadRepresentation/representation_id/341/object_id/123/download/1/version/original
124,Rebel Fux #25,2002,https://archive.qzap.org/index.php/Detail/Object/DownloadRepresentation/representation_id/431/object_id/124/download/1/version/original
125,Inland Empire Guide to Gay,2008,https://archive.qzap.org/index.php/Detail/Object/DownloadRepresentation/representation_id/358/object_id/125/download/1/version/original
127,Black Carrot #12,2007,https://archive.qzap.org/index.php/Detail/Object/DownloadRepresentation/representation_id/169/object_id/127/download/1/version/original
128,Homopunk World #6,2008,https://archive.qzap.org/index.php/Detail/Object/DownloadRepresentation/representation_id/355/object_id/128/download/1/version/original
129,The Incredibly True Adventures of a Kid and His Starship #1,unknown,https://archive.qzap.org/index.php/Detail/Object/DownloadRepresentation/representation_id/461/object_id/129/download/1/version/original
130,Queeruption - Objection,2006,https://archive.qzap.org/index.php/Detail/Object/DownloadRepresentation/representation_id/163/object_id/130/download/1/version/original
132,Violin Outbreak #16,2009,https://archive.qzap.org/index.php/Detail/Object/DownloadRepresentation/representation_id/459/object_id/132/download/1/version/original
133,Punk Beat #6,1991,https://archive.qzap.org/index.php/Detail/Object/DownloadRepresentation/representation_id/55/object_id/133/download/1/version/original
135,On Being Hard Femme #1,2009,https://archive.qzap.org/index.php/Detail/Object/DownloadRepresentation/representation_id/155/object_id/135/download/1/version/original
136,Booty #19,2005,https://archive.qzap.org/index.php/Detail/Object/DownloadRepresentation/representation_id/222/object_id/136/download/1/version/original
137,Booty #20,2007,https://archive.qzap.org/index.php/Detail/Object/DownloadRepresentation/representation_id/223/object_id/137/download/1/version/original
138,S.P.O.L. (Sweaty Pit of Love),1996,https://archive.qzap.org/index.php/Detail/Object/DownloadRepresentation/representation_id/327/object_id/138/download/1/version/original
139,Psycho Queers,unknown,https://archive.qzap.org/index.php/Detail/Object/DownloadRepresentation/representation_id/160/object_id/139/download/1/version/original
141,Bowierama #1,2005,https://archive.qzap.org/index.php/Detail/Object/DownloadRepresentation/representation_id/117/object_id/141/download/1/version/original
142,S.KILLS,2011,https://archive.qzap.org/index.php/Detail/Object/DownloadRepresentation/representation_id/372/object_id/142/download/1/version/original
143,Shame On Pride!,2005,https://archive.qzap.org/index.php/Detail/Object/DownloadRepresentation/representation_id/377/object_id/143/download/1/version/original
144,Mutate #4,2000,https://archive.qzap.org/index.php/Detail/Object/DownloadRepresentation/representation_id/135/object_id/144/download/1/version/original
145,blue floral gusset,2010,https://archive.qzap.org/index.php/Detail/Object/DownloadRepresentation/representation_id/235/object_id/145/download/1/version/original
146,Life Has A Beard,2007,https://archive.qzap.org/index.php/Detail/Object/DownloadRepresentation/representation_id/381/object_id/146/download/1/version/original
147,HO Lover,2011,https://archive.qzap.org/index.php/Detail/Object/DownloadRepresentation/representation_id/350/object_id/147/download/1/version/original
148,Dreck Megazine #2,2006,https://archive.qzap.org/index.php/Detail/Object/DownloadRepresentation/representation_id/275/object_id/148/download/1/version/original
149,Violin Outbreak #12,1995,https://archive.qzap.org/index.php/Detail/Object/DownloadRepresentation/representation_id/458/object_id/149/download/1/version/original
150,Homopunk World #4,2004,https://archive.qzap.org/index.php/Detail/Object/DownloadRepresentation/representation_id/354/object_id/150/download/1/version/original
151,Penny Arcade,2008,https://archive.qzap.org/index.php/Detail/Object/DownloadRepresentation/representation_id/399/object_id/151/download/1/version/original
152,Busy Bea's Bush #3,1993,https://archive.qzap.org/index.php/Detail/Object/DownloadRepresentation/representation_id/224/object_id/152/download/1/version/original
153,Riot Grrrl World #2,2004,https://archive.qzap.org/index.php/Detail/Object/DownloadRepresentation/representation_id/129/object_id/153/download/1/version/original
154,Riot Grrrl World #3,2004,https://archive.qzap.org/index.php/Detail/Object/DownloadRepresentation/representation_id/413/object_id/154/download/1/version/original
155,Golden Penfriends flyer,unknown,https://archive.qzap.org/index.php/Detail/Object/DownloadRepresentation/representation_id/408/object_id/155/download/1/version/original
158,D90 #2,2009,https://archive.qzap.org/index.php/Detail/Object/DownloadRepresentation/representation_id/212/object_id/158/download/1/version/original
159,Fatty Fatty 2X4 #1,2003,https://archive.qzap.org/index.php/Detail/Object/DownloadRepresentation/representation_id/312/object_id/159/download/1/version/original
160,Girl Fiend #4,1992,https://archive.qzap.org/index.php/Detail/Object/DownloadRepresentation/representation_id/18/object_id/160/download/1/version/original
161,Dreck Megazine #3,2006,https://archive.qzap.org/index.php/Detail/Object/DownloadRepresentation/representation_id/276/object_id/161/download/1/version/original
162,Dreck Megazine #4,2006,https://archive.qzap.org/index.php/Detail/Object/DownloadRepresentation/representation_id/277/object_id/162/download/1/version/original
163,Moist #2,1994,https://archive.qzap.org/index.php/Detail/Object/DownloadRepresentation/representation_id/365/object_id/163/download/1/version/original
164,Radical Cheerleaders of Santa Cruz (Cheerbook),unknown,https://archive.qzap.org/index.php/Detail/Object/DownloadRepresentation/representation_id/188/object_id/164/download/1/version/original
165,Scratch #4,2006,https://archive.qzap.org/index.php/Detail/Object/DownloadRepresentation/representation_id/395/object_id/165/download/1/version/original
166,Mutate #2,1999,https://archive.qzap.org/index.php/Detail/Object/DownloadRepresentation/representation_id/134/object_id/166/download/1/version/original
167,The Great Activity,2006,https://archive.qzap.org/index.php/Detail/Object/DownloadRepresentation/representation_id/422/object_id/167/download/1/version/original
168,Auto Defensa Para Mujaras,2005,https://archive.qzap.org/index.php/Detail/Object/DownloadRepresentation/representation_id/45/object_id/168/download/1/version/original
169,Girl Fuck,2005,https://archive.qzap.org/index.php/Detail/Object/DownloadRepresentation/representation_id/194/object_id/169/download/1/version/original
170,Borderlands: Tales from Disputed Territories between Races and Cultures,2008,https://archive.qzap.org/index.php/Detail/Object/DownloadRepresentation/representation_id/102/object_id/170/download/1/version/original
171,I ❤︎ Amy Carter #1,1992,https://archive.qzap.org/index.php/Detail/Object/DownloadRepresentation/representation_id/137/object_id/171/download/1/version/original
172,The Ice Cream Man Cometh,unknown,https://archive.qzap.org/index.php/Detail/Object/DownloadRepresentation/representation_id/460/object_id/172/download/1/version/original
173,Dykes and Their Hair,2008,https://archive.qzap.org/index.php/Detail/Object/DownloadRepresentation/representation_id/177/object_id/173/download/1/version/original
175,Lucky Star,1998,https://archive.qzap.org/index.php/Detail/Object/DownloadRepresentation/representation_id/382/object_id/175/download/1/version/original
176,Vanilla Milkshake,1991,https://archive.qzap.org/index.php/Detail/Object/DownloadRepresentation/representation_id/203/object_id/176/download/1/version/original
177,Dildos Not Bombs #2,unknown,https://archive.qzap.org/index.php/Detail/Object/DownloadRepresentation/representation_id/130/object_id/177/download/1/version/original
179,Montgomery Clift Was Queer,1994,https://archive.qzap.org/index.php/Detail/Object/DownloadRepresentation/representation_id/143/object_id/179/download/1/version/original
180,Hot Dog #2,1991,https://archive.qzap.org/index.php/Detail/Object/DownloadRepresentation/representation_id/197/object_id/180/download/1/version/original
181,Making History,2008,https://archive.qzap.org/index.php/Detail/Object/DownloadRepresentation/representation_id/71/object_id/181/download/1/version/original
182,Gender Anarky Spring 2009,2009,https://archive.qzap.org/index.php/Detail/Object/DownloadRepresentation/representation_id/193/object_id/182/download/1/version/original
184,Queers Read This!,unknown,https://archive.qzap.org/index.php/Detail/Object/DownloadRepresentation/representation_id/133/object_id/184/download/1/version/original
185,Poly Oly Oxen Free!,2010,https://archive.qzap.org/index.php/Detail/Object/DownloadRepresentation/representation_id/362/object_id/185/download/1/version/original
186,Cosmo Queer,2004,https://archive.qzap.org/index.php/Detail/Object/DownloadRepresentation/representation_id/330/object_id/186/download/1/version/original
187,YELL Zine #1,1994,https://archive.qzap.org/index.php/Detail/Object/DownloadRepresentation/representation_id/81/object_id/187/download/1/version/original
188,Hell Yeah!,2009,https://archive.qzap.org/index.php/Detail/Object/DownloadRepresentation/representation_id/347/object_id/188/download/1/version/original
189,How I Learned to Love Myself and Occasionally Other Men #1,2005,https://archive.qzap.org/index.php/Detail/Object/DownloadRepresentation/representation_id/342/object_id/189/download/1/version/original
190,Fanorama #11,1995,https://archive.qzap.org/index.php/Detail/Object/DownloadRepresentation/representation_id/334/object_id/190/download/1/version/original
191,Young Woman (Shira Mario #1),2011,https://archive.qzap.org/index.php/Detail/Object/DownloadRepresentation/representation_id/287/object_id/191/download/1/version/original
192,Screams From Inside #3,unknown,https://archive.qzap.org/index.php/Detail/Object/DownloadRepresentation/representation_id/166/object_id/192/download/1/version/original
193,Her Posse #1,unknown,https://archive.qzap.org/index.php/Detail/Object/DownloadRepresentation/representation_id/348/object_id/193/download/1/version/original
194,LGBTQIA Survival Guide,2011,https://archive.qzap.org/index.php/Detail/Object/DownloadRepresentation/representation_id/210/object_id/194/download/1/version/original
195,Restrain Yourself (or someone else!),2010,https://archive.qzap.org/index.php/Detail/Object/DownloadRepresentation/representation_id/374/object_id/195/download/1/version/original
196,The Need Corpse,2012,https://archive.qzap.org/index.php/Detail/Object/DownloadRepresentation/representation_id/449/object_id/196/download/1/version/original
197,Gone to the Moon,2008,https://archive.qzap.org/index.php/Detail/Object/DownloadRepresentation/representation_id/322/object_id/197/download/1/version/original
198,Satan Heartbreak'r ... Tarts It Up,2001,https://archive.qzap.org/index.php/Detail/Object/DownloadRepresentation/representation_id/209/object_id/198/download/1/version/original
199,Violin Outbreak #10,1993,https://archive.qzap.org/index.php/Detail/Object/DownloadRepresentation/representation_id/456/object_id/199/download/1/version/original
200,Project 76 #2 - The Politics of My Body,unknown,https://archive.qzap.org/index.php/Detail/Object/DownloadRepresentation/representation_id/440/object_id/200/download/1/version/original
201,Abrupt Lane Edge #1,1992,https://archive.qzap.org/index.php/Detail/Object/DownloadRepresentation/representation_id/482/object_id/201/download/1/version/original
203,Behind The Bars,2006,https://archive.qzap.org/index.php/Detail/Object/DownloadRepresentation/representation_id/257/object_id/203/download/1/version/original
204,Barra Issue #0 (Premiere Issue),2005,https://archive.qzap.org/index.php/Detail/Object/DownloadRepresentation/representation_id/13/object_id/204/download/1/version/original
205,Hello Pussy! #1,2003,https://archive.qzap.org/index.php/Detail/Object/DownloadRepresentation/representation_id/59/object_id/205/download/1/version/original
206,Nada Es Natural #2,2004,https://archive.qzap.org/index.php/Detail/Object/DownloadRepresentation/representation_id/61/object_id/206/download/1/version/original
207,Gender Fuck Me,2003,https://archive.qzap.org/index.php/Detail/Object/DownloadRepresentation/representation_id/22/object_id/207/download/1/version/original
208,Fag School #1,2000,https://archive.qzap.org/index.php/Detail/Object/DownloadRepresentation/representation_id/23/object_id/208/download/1/version/original
209,The Volcano #3,1999,https://archive.qzap.org/index.php/Detail/Object/DownloadRepresentation/representation_id/472/object_id/209/download/1/version/original
210,5 Fingers Folding #1,unknown,https://archive.qzap.org/index.php/Detail/Object/DownloadRepresentation/representation_id/3/object_id/210/download/1/version/original
211,Mutate #3,1999,https://archive.qzap.org/index.php/Detail/Object/DownloadRepresentation/representation_id/60/object_id/211/download/1/version/original
212,Susan Mini Mag #1,1992,https://archive.qzap.org/index.php/Detail/Object/DownloadRepresentation/representation_id/108/object_id/212/download/1/version/original
214,Trans(in)formation,2004,https://archive.qzap.org/index.php/Detail/Object/DownloadRepresentation/representation_id/54/object_id/214/download/1/version/original
215,From Here To There And Back Again ... #1,2005,https://archive.qzap.org/index.php/Detail/Object/DownloadRepresentation/representation_id/231/object_id/215/download/1/version/original
216,Crushpuppy,2000,https://archive.qzap.org/index.php/Detail/Object/DownloadRepresentation/representation_id/213/object_id/216/download/1/version/original
217,Pink And Black Attack #1,2009,https://archive.qzap.org/index.php/Detail/Object/DownloadRepresentation/representation_id/264/object_id/217/download/1/version/original
218,Sassyfrass Circus #2,2008,https://archive.qzap.org/index.php/Detail/Object/DownloadRepresentation/representation_id/77/object_id/218/download/1/version/original
219,Unapologetic #1,1997,https://archive.qzap.org/index.php/Detail/Object/DownloadRepresentation/representation_id/299/object_id/219/download/1/version/original
220,Culture Slut #19,2009,https://archive.qzap.org/index.php/Detail/Object/DownloadRepresentation/representation_id/233/object_id/220/download/1/version/original
221,Squeaky Debris,unknown,https://archive.qzap.org/index.php/Detail/Object/DownloadRepresentation/representation_id/444/object_id/221/download/1/version/original
222,Venus Envy,1993,https://archive.qzap.org/index.php/Detail/Object/DownloadRepresentation/representation_id/202/object_id/222/download/1/version/original
224,Homoboy #5,unknown,https://archive.qzap.org/index.php/Detail/Object/DownloadRepresentation/representation_id/175/object_id/224/download/1/version/original
225,Risky Business #2,2007,https://archive.qzap.org/index.php/Detail/Object/DownloadRepresentation/representation_id/304/object_id/225/download/1/version/original
226,Homobody #5,2010,https://archive.qzap.org/index.php/Detail/Object/DownloadRepresentation/representation_id/173/object_id/226/download/1/version/original
227,SwanBoy,2007,https://archive.qzap.org/index.php/Detail/Object/DownloadRepresentation/representation_id/297/object_id/227/download/1/version/original
228,you've got a friend in pennsylvania #1,2009,https://archive.qzap.org/index.php/Detail/Object/DownloadRepresentation/representation_id/289/object_id/228/download/1/version/original
229,Awkward At The Doctor,2010,https://archive.qzap.org/index.php/Detail/Object/DownloadRepresentation/representation_id/98/object_id/229/download/1/version/original
230,"Queers, Families, and the Squat Community",2011,https://archive.qzap.org/index.php/Detail/Object/DownloadRepresentation/representation_id/404/object_id/230/download/1/version/original
231,D90 #1,2008,https://archive.qzap.org/index.php/Detail/Object/DownloadRepresentation/representation_id/211/object_id/231/download/1/version/original
233,Her Posse #2,unknown,https://archive.qzap.org/index.php/Detail/Object/DownloadRepresentation/representation_id/349/object_id/233/download/1/version/original
234,"Yes, Ms. Davis",1994,https://archive.qzap.org/index.php/Detail/Object/DownloadRepresentation/representation_id/286/object_id/234/download/1/version/original
235,Cowgrrrl Ink,1994,https://archive.qzap.org/index.php/Detail/Object/DownloadRepresentation/representation_id/172/object_id/235/download/1/version/original
236,Evil #2,1992,https://archive.qzap.org/index.php/Detail/Object/DownloadRepresentation/representation_id/100/object_id/236/download/1/version/original
237,This is About More Than Who We Fuck (and Who Fucks Us) #1,2011,https://archive.qzap.org/index.php/Detail/Object/DownloadRepresentation/representation_id/451/object_id/237/download/1/version/original
238,Twist / Death or Glory,1992,https://archive.qzap.org/index.php/Detail/Object/DownloadRepresentation/representation_id/446/object_id/238/download/1/version/original
239,Speed Demon #3,1994,https://archive.qzap.org/index.php/Detail/Object/DownloadRepresentation/representation_id/420/object_id/239/download/1/version/original
241,Denser #1,2006,https://archive.qzap.org/index.php/Detail/Object/DownloadRepresentation/representation_id/128/object_id/241/download/1/version/original
242,Prostate Pleasure,2003,https://archive.qzap.org/index.php/Detail/Object/DownloadRepresentation/representation_id/468/object_id/242/download/1/version/original
243,Strange Thoughts #1,2005,https://archive.qzap.org/index.php/Detail/Object/DownloadRepresentation/representation_id/469/object_id/243/download/1/version/original
244,Pretty Girl Look So Tough,2003,https://archive.qzap.org/index.php/Detail/Object/DownloadRepresentation/representation_id/199/object_id/244/download/1/version/original
245,Ungrateful Black-White Girl,2008,https://archive.qzap.org/index.php/Detail/Object/DownloadRepresentation/representation_id/53/object_id/245/download/1/version/original
246,Bound To Struggle #1,unknown,https://archive.qzap.org/index.php/Detail/Object/DownloadRepresentation/representation_id/115/object_id/246/download/1/version/original
247,Sassyfrass Circus #3,2009,https://archive.qzap.org/index.php/Detail/Object/DownloadRepresentation/representation_id/78/object_id/247/download/1/version/original
248,Boobular #2,1990,https://archive.qzap.org/index.php/Detail/Object/DownloadRepresentation/representation_id/221/object_id/248/download/1/version/original
249,The Inqueery - Threshing The Chafe,2009,https://archive.qzap.org/index.php/Detail/Object/DownloadRepresentation/representation_id/462/object_id/249/download/1/version/original
250,Psycho #1 Fan,2001,https://archive.qzap.org/index.php/Detail/Object/DownloadRepresentation/representation_id/159/object_id/250/download/1/version/original
251,Judy #2,1994,https://archive.qzap.org/index.php/Detail/Object/DownloadRepresentation/representation_id/52/object_id/251/download/1/version/original
252,AquaNetZine v1#2,1997,https://archive.qzap.org/index.php/Detail/Object/DownloadRepresentation/representation_id/168/object_id/252/download/1/version/original
253,Sin Bros. #3,1990,https://archive.qzap.org/index.php/Detail/Object/DownloadRepresentation/representation_id/64/object_id/253/download/1/version/original
254,Pathologize This #1,2008,https://archive.qzap.org/index.php/Detail/Object/DownloadRepresentation/representation_id/397/object_id/254/download/1/version/original
255,Queer Poly Romance Novel pt.1,2010,https://archive.qzap.org/index.php/Detail/Object/DownloadRepresentation/representation_id/132/object_id/255/download/1/version/original
256,Milky Boots #10,2010,https://archive.qzap.org/index.php/Detail/Object/DownloadRepresentation/representation_id/69/object_id/256/download/1/version/original
257,"Christ, I'm Gay",2010,https://archive.qzap.org/index.php/Detail/Object/DownloadRepresentation/representation_id/57/object_id/257/download/1/version/original
258,Love Your Blood,2010,https://archive.qzap.org/index.php/Detail/Object/DownloadRepresentation/representation_id/241/object_id/258/download/1/version/original
259,Freaky Queer,1992,https://archive.qzap.org/index.php/Detail/Object/DownloadRepresentation/representation_id/314/object_id/259/download/1/version/original
260,YELL Zine #2,1995,https://archive.qzap.org/index.php/Detail/Object/DownloadRepresentation/representation_id/82/object_id/260/download/1/version/original
261,The Anarchistic Queer #1.1,2011,https://archive.qzap.org/index.php/Detail/Object/DownloadRepresentation/representation_id/433/object_id/261/download/1/version/original
262,Gender Beginner,2002,https://archive.qzap.org/index.php/Detail/Object/DownloadRepresentation/representation_id/94/object_id/262/download/1/version/original
263,Demure Butchness #1,1992,https://archive.qzap.org/index.php/Detail/Object/DownloadRepresentation/representation_id/227/object_id/263/download/1/version/original
264,Fanorama #7 - Queer grrrl,1993,https://archive.qzap.org/index.php/Detail/Object/DownloadRepresentation/representation_id/338/object_id/264/download/1/version/original
265,Sassyfrass Circus #5,2010,https://archive.qzap.org/index.php/Detail/Object/DownloadRepresentation/representation_id/373/object_id/265/download/1/version/original
266,Sassyfrass Circus #7,2011,https://archive.qzap.org/index.php/Detail/Object/DownloadRepresentation/representation_id/375/object_id/266/download/1/version/original
268,Cupsize #4,1995,https://archive.qzap.org/index.php/Detail/Object/DownloadRepresentation/representation_id/226/object_id/268/download/1/version/original
269,Muffmonsters On Prozac #2,1997,https://archive.qzap.org/index.php/Detail/Object/DownloadRepresentation/representation_id/89/object_id/269/download/1/version/original
270,Punk Priss #2,2000,https://archive.qzap.org/index.php/Detail/Object/DownloadRepresentation/representation_id/361/object_id/270/download/1/version/original
271,Sin Bros. #5,1991,https://archive.qzap.org/index.php/Detail/Object/DownloadRepresentation/representation_id/401/object_id/271/download/1/version/original
272,Dr. Smith #3,1984,https://archive.qzap.org/index.php/Detail/Object/DownloadRepresentation/representation_id/181/object_id/272/download/1/version/original
273,Queer Tales,unknown,https://archive.qzap.org/index.php/Detail/Object/DownloadRepresentation/representation_id/654/object_id/273/download/1/version/original
274,Double Bill #2,1992,https://archive.qzap.org/index.php/Detail/Object/DownloadRepresentation/representation_id/220/object_id/274/download/1/version/original
275,Ginger #2,2003,https://archive.qzap.org/index.php/Detail/Object/DownloadRepresentation/representation_id/320/object_id/275/download/1/version/original
276,Dreck #1,2005,https://archive.qzap.org/index.php/Detail/Object/DownloadRepresentation/representation_id/273/object_id/276/download/1/version/original
277,Doris #21,2003,https://archive.qzap.org/index.php/Detail/Object/DownloadRepresentation/representation_id/339/object_id/277/download/1/version/original
278,Q For Treason #10,unknown,https://archive.qzap.org/index.php/Detail/Object/DownloadRepresentation/representation_id/161/object_id/278/download/1/version/original
279,Homocore #2,1988,https://archive.qzap.org/index.php/Detail/Object/DownloadRepresentation/representation_id/351/object_id/279/download/1/version/original
280,Letters From A Bicycle #1,2003,https://archive.qzap.org/index.php/Detail/Object/DownloadRepresentation/representation_id/139/object_id/280/download/1/version/original
281,Moonafestations #1,2006,https://archive.qzap.org/index.php/Detail/Object/DownloadRepresentation/representation_id/72/object_id/281/download/1/version/original
282,Butcher Queers #1,2008,https://archive.qzap.org/index.php/Detail/Object/DownloadRepresentation/representation_id/278/object_id/282/download/1/version/original
283,Butcher Queers #2,2008,https://archive.qzap.org/index.php/Detail/Object/DownloadRepresentation/representation_id/279/object_id/283/download/1/version/original
284,Sissy Butch #1,unknown,
286,My Tender Gender,2009,https://archive.qzap.org/index.php/Detail/Object/DownloadRepresentation/representation_id/144/object_id/286/download/1/version/original
287,Butcher Queers #3,2009,https://archive.qzap.org/index.php/Detail/Object/DownloadRepresentation/representation_id/280/object_id/287/download/1/version/original
288,Genderbent #2,2008,https://archive.qzap.org/index.php/Detail/Object/DownloadRepresentation/representation_id/232/object_id/288/download/1/version/original
289,Your Secretary #3 / Identify This! (split zine),2010,https://archive.qzap.org/index.php/Detail/Object/DownloadRepresentation/representation_id/466/object_id/289/download/1/version/original
290,Homobody #6,2010,https://archive.qzap.org/index.php/Detail/Object/DownloadRepresentation/representation_id/174/object_id/290/download/1/version/original
291,Gaysi #1,2011,https://archive.qzap.org/index.php/Detail/Object/DownloadRepresentation/representation_id/317/object_id/291/download/1/version/original
292,The State of the Gay at Harding University,2011,https://archive.qzap.org/index.php/Detail/Object/DownloadRepresentation/representation_id/417/object_id/292/download/1/version/original
294,Mutate #5,2001,https://archive.qzap.org/index.php/Detail/Object/DownloadRepresentation/representation_id/136/object_id/294/download/1/version/original
295,Cupsize #3,1995,https://archive.qzap.org/index.php/Detail/Object/DownloadRepresentation/representation_id/225/object_id/295/download/1/version/original
296,That Joke Isn't Funny Anymore #2,unknown,https://archive.qzap.org/index.php/Detail/Object/DownloadRepresentation/representation_id/452/object_id/296/download/1/version/original
297,QFM #4,1992,https://archive.qzap.org/index.php/Detail/Object/DownloadRepresentation/representation_id/75/object_id/297/download/1/version/original
298,P-Form issue 23,1991,https://archive.qzap.org/index.php/Detail/Object/DownloadRepresentation/representation_id/390/object_id/298/download/1/version/original
299,Cutlass #9,unknown,https://archive.qzap.org/index.php/Detail/Object/DownloadRepresentation/representation_id/345/object_id/299/download/1/version/original
300,Ms. Direction #6,2004,https://archive.qzap.org/index.php/Detail/Object/DownloadRepresentation/representation_id/384/object_id/300/download/1/version/original
301,Dr. Smith #2,1984,https://archive.qzap.org/index.php/Detail/Object/DownloadRepresentation/representation_id/180/object_id/301/download/1/version/original
302,Dynamite Damsels,1976,https://archive.qzap.org/index.php/Detail/Object/DownloadRepresentation/representation_id/335/object_id/302/download/1/version/original
303,Flaming Jewboy #2,2000,https://archive.qzap.org/index.php/Detail/Object/DownloadRepresentation/representation_id/106/object_id/303/download/1/version/original
304,A Young Male's Guide To ... (An Informative Zine For Guys Who Like Guys),2005,https://archive.qzap.org/index.php/Detail/Object/DownloadRepresentation/representation_id/122/object_id/304/download/1/version/original
305,Out,2007,https://archive.qzap.org/index.php/Detail/Object/DownloadRepresentation/representation_id/650/object_id/305/download/1/version/original
306,Revolution Begins Here: A Revolutionary Sexual Health Zine,2006,https://archive.qzap.org/index.php/Detail/Object/DownloadRepresentation/representation_id/370/object_id/306/download/1/version/original
307,Borderlands #2: It's a Family Affair,2008,https://archive.qzap.org/index.php/Detail/Object/DownloadRepresentation/representation_id/103/object_id/307/download/1/version/original
309,Queer Action Figures #1,1994,https://archive.qzap.org/index.php/Detail/Object/DownloadRepresentation/representation_id/557/object_id/309/download/1/version/original
310,SoyBoi #1,2005,https://archive.qzap.org/index.php/Detail/Object/DownloadRepresentation/representation_id/424/object_id/310/download/1/version/original
311,Fuh Cole #2,1993,https://archive.qzap.org/index.php/Detail/Object/DownloadRepresentation/representation_id/8/object_id/311/download/1/version/original
312,Dildos Not Bombs #1,unknown,https://archive.qzap.org/index.php/Detail/Object/DownloadRepresentation/representation_id/127/object_id/312/download/1/version/original
314,Naked Teenagers That Fight Crime,1993,https://archive.qzap.org/index.php/Detail/Object/DownloadRepresentation/representation_id/480/object_id/314/download/1/version/original
315,Gender Fuck is My Boyfriend (Polyamory is My Girlfriend),2010,https://archive.qzap.org/index.php/Detail/Object/DownloadRepresentation/representation_id/217/object_id/315/download/1/version/original
316,Queers Under All Conditions #1,2010,https://archive.qzap.org/index.php/Detail/Object/DownloadRepresentation/representation_id/442/object_id/316/download/1/version/original
317,Nothing About Us Without Us!,2007,https://archive.qzap.org/index.php/Detail/Object/DownloadRepresentation/representation_id/243/object_id/317/download/1/version/original
318,Hatch! Mister Sister,2005,https://archive.qzap.org/index.php/Detail/Object/DownloadRepresentation/representation_id/16/object_id/318/download/1/version/original
319,YELL Zine #3,1999,https://archive.qzap.org/index.php/Detail/Object/DownloadRepresentation/representation_id/83/object_id/319/download/1/version/original
320,Because The Boss Belongs To Us,2011,https://archive.qzap.org/index.php/Detail/Object/DownloadRepresentation/representation_id/198/object_id/320/download/1/version/original
321,Empty Orchestra #1,2012,https://archive.qzap.org/index.php/Detail/Object/DownloadRepresentation/representation_id/92/object_id/321/download/1/version/original
322,Easily Grossed Out #2,1990,https://archive.qzap.org/index.php/Detail/Object/DownloadRepresentation/representation_id/131/object_id/322/download/1/version/original
323,Dr. Smith #1,1984,https://archive.qzap.org/index.php/Detail/Object/DownloadRepresentation/representation_id/178/object_id/323/download/1/version/original
324,My Feminist Friends,2011,https://archive.qzap.org/index.php/Detail/Object/DownloadRepresentation/representation_id/260/object_id/324/download/1/version/original
326,U.S Kweer Corps #1,2000,https://archive.qzap.org/index.php/Detail/Object/DownloadRepresentation/representation_id/290/object_id/326/download/1/version/original
327,Queer Zine Explosion #20,2003,https://archive.qzap.org/index.php/Detail/Object/DownloadRepresentation/representation_id/343/object_id/327/download/1/version/original
328,Swishblade #1,1997,https://archive.qzap.org/index.php/Detail/Object/DownloadRepresentation/representation_id/445/object_id/328/download/1/version/original
329,Queer Zine Tale,2007,https://archive.qzap.org/index.php/Detail/Object/DownloadRepresentation/representation_id/593/object_id/329/download/1/version/original
330,Rude Girl #9,1993,https://archive.qzap.org/index.php/Detail/Object/DownloadRepresentation/representation_id/371/object_id/330/download/1/version/original
331,That's So Gay!,unknown,https://archive.qzap.org/index.php/Detail/Object/DownloadRepresentation/representation_id/418/object_id/331/download/1/version/original
332,Piss Elegant #2,1990,https://archive.qzap.org/index.php/Detail/Object/DownloadRepresentation/representation_id/438/object_id/332/download/1/version/original
333,"Bleibt! : Queer Wagonplatz, Schwarzer Kanal",unknown,https://archive.qzap.org/index.php/Detail/Object/DownloadRepresentation/representation_id/258/object_id/333/download/1/version/original
334,Fuh Cole #3,1993,https://archive.qzap.org/index.php/Detail/Object/DownloadRepresentation/representation_id/150/object_id/334/download/1/version/original
335,Your Face My Ass #3,1994,https://archive.qzap.org/index.php/Detail/Object/DownloadRepresentation/representation_id/84/object_id/335/download/1/version/original
336,Go Fuck Yourself,unknown,https://archive.qzap.org/index.php/Detail/Object/DownloadRepresentation/representation_id/17/object_id/336/download/1/version/original
337,Gender Trash #1,1993,https://archive.qzap.org/index.php/Detail/Object/DownloadRepresentation/representation_id/319/object_id/337/download/1/version/original
338,Il Pleut Des Gouines / It's Raining Dykes #8,2007,https://archive.qzap.org/index.php/Detail/Object/DownloadRepresentation/representation_id/74/object_id/338/download/1/version/original
339,More Than A Feeling,2001,
340,Ha Haim Ke Nimshal (Life As A Lesson),2005,https://archive.qzap.org/index.php/Detail/Object/DownloadRepresentation/representation_id/204/object_id/340/download/1/version/original
341,Gutterfag #2,1996,https://archive.qzap.org/index.php/Detail/Object/DownloadRepresentation/representation_id/324/object_id/341/download/1/version/original
342,Femmes Unite! #2,2007,https://archive.qzap.org/index.php/Detail/Object/DownloadRepresentation/representation_id/104/object_id/342/download/1/version/original
344,Culture Slut #20,2009,https://archive.qzap.org/index.php/Detail/Object/DownloadRepresentation/representation_id/234/object_id/344/download/1/version/original
346,AIDS Kills Fags Dead #1,1995,https://archive.qzap.org/index.php/Detail/Object/DownloadRepresentation/representation_id/648/object_id/346/download/1/version/original
347,Sin Bros. #4,1990,https://archive.qzap.org/index.php/Detail/Object/DownloadRepresentation/representation_id/65/object_id/347/download/1/version/original
348,Milkyboots #9,2009,https://archive.qzap.org/index.php/Detail/Object/DownloadRepresentation/representation_id/70/object_id/348/download/1/version/original
349,A Bear Should Know Better #4,2010,https://archive.qzap.org/index.php/Detail/Object/DownloadRepresentation/representation_id/118/object_id/349/download/1/version/original
350,Your Secretary #2 / Heaven Street (split zine),2010,https://archive.qzap.org/index.php/Detail/Object/DownloadRepresentation/representation_id/467/object_id/350/download/1/version/original
351,Queeruption 9 - Tel Aviv,2006,https://archive.qzap.org/index.php/Detail/Object/DownloadRepresentation/representation_id/9/object_id/351/download/1/version/original
352,Queersafe #1,2006,https://archive.qzap.org/index.php/Detail/Object/DownloadRepresentation/representation_id/187/object_id/352/download/1/version/original
353,PLOT,2005,https://archive.qzap.org/index.php/Detail/Object/DownloadRepresentation/representation_id/409/object_id/353/download/1/version/original
354,Juggling The Rainbow,2010,https://archive.qzap.org/index.php/Detail/Object/DownloadRepresentation/representation_id/432/object_id/354/download/1/version/original
355,A Bear Should Know Better #6,2011,https://archive.qzap.org/index.php/Detail/Object/DownloadRepresentation/representation_id/120/object_id/355/download/1/version/original
356,Kill Rock Stars Winter 1995-96,1996,https://archive.qzap.org/index.php/Detail/Object/DownloadRepresentation/representation_id/49/object_id/356/download/1/version/original
357,SWAC #5,1996,https://archive.qzap.org/index.php/Detail/Object/DownloadRepresentation/representation_id/464/object_id/357/download/1/version/original
358,Somos #2,1974,https://archive.qzap.org/index.php/Detail/Object/DownloadRepresentation/representation_id/298/object_id/358/download/1/version/original
359,Ms. Direction #7,2004,https://archive.qzap.org/index.php/Detail/Object/DownloadRepresentation/representation_id/387/object_id/359/download/1/version/original
360,Upskirt: Dirty (un)Feminist Secrets,2009,https://archive.qzap.org/index.php/Detail/Object/DownloadRepresentation/representation_id/300/object_id/360/download/1/version/original
361,Sacred Sensual Secrets,2006,https://archive.qzap.org/index.php/Detail/Object/DownloadRepresentation/representation_id/394/object_id/361/download/1/version/original
362,Camp Betty 2007 Program,2007,https://archive.qzap.org/index.php/Detail/Object/DownloadRepresentation/representation_id/58/object_id/362/download/1/version/original
363,Fort Mortgage!,2008,https://archive.qzap.org/index.php/Detail/Object/DownloadRepresentation/representation_id/148/object_id/363/download/1/version/original
364,Pathologize This #2,2009,https://archive.qzap.org/index.php/Detail/Object/DownloadRepresentation/representation_id/398/object_id/364/download/1/version/original
365,Bundle of Sticks #5,1992,https://archive.qzap.org/index.php/Detail/Object/DownloadRepresentation/representation_id/328/object_id/365/download/1/version/original
367,Fluff 'n' Nutter #1,unknown,https://archive.qzap.org/index.php/Detail/Object/DownloadRepresentation/representation_id/288/object_id/367/download/1/version/original
368,The Urban Hermit #17,2000,https://archive.qzap.org/index.php/Detail/Object/DownloadRepresentation/representation_id/471/object_id/368/download/1/version/original
369,Hot Rods,2002,https://archive.qzap.org/index.php/Detail/Object/DownloadRepresentation/representation_id/195/object_id/369/download/1/version/original
370,Demure Butchness #3,unknown,https://archive.qzap.org/index.php/Detail/Object/DownloadRepresentation/representation_id/228/object_id/370/download/1/version/original
371,Demure Butchness #5,unknown,https://archive.qzap.org/index.php/Detail/Object/DownloadRepresentation/representation_id/229/object_id/371/download/1/version/original
372,Un Bruit De Grelot #1,2011,https://archive.qzap.org/index.php/Detail/Object/DownloadRepresentation/representation_id/454/object_id/372/download/1/version/original
373,Un Bruit De Grelot #2,2012,https://archive.qzap.org/index.php/Detail/Object/DownloadRepresentation/representation_id/455/object_id/373/download/1/version/original
374,QT #1,1991,https://archive.qzap.org/index.php/Detail/Object/DownloadRepresentation/representation_id/66/object_id/374/download/1/version/original
375,Pop #2,1998,https://archive.qzap.org/index.php/Detail/Object/DownloadRepresentation/representation_id/437/object_id/375/download/1/version/original
376,Pop #1,1998,https://archive.qzap.org/index.php/Detail/Object/DownloadRepresentation/representation_id/436/object_id/376/download/1/version/original
377,Farm News #1.2,2010,https://archive.qzap.org/index.php/Detail/Object/DownloadRepresentation/representation_id/266/object_id/377/download/1/version/original
378,Farm News #1.3,2010,https://archive.qzap.org/index.php/Detail/Object/DownloadRepresentation/representation_id/267/object_id/378/download/1/version/original
379,Farm News #1.4,2010,https://archive.qzap.org/index.php/Detail/Object/DownloadRepresentation/representation_id/268/object_id/379/download/1/version/original
380,Farm News #1.5,2010,https://archive.qzap.org/index.php/Detail/Object/DownloadRepresentation/representation_id/269/object_id/380/download/1/version/original
381,Farm News #1.7,2010,https://archive.qzap.org/index.php/Detail/Object/DownloadRepresentation/representation_id/270/object_id/381/download/1/version/original
382,Farm News #1.8,2010,https://archive.qzap.org/index.php/Detail/Object/DownloadRepresentation/representation_id/271/object_id/382/download/1/version/original
383,Farm News #1.9,2010,https://archive.qzap.org/index.php/Detail/Object/DownloadRepresentation/representation_id/272/object_id/383/download/1/version/original
384,Farm News #1.10,2010,https://archive.qzap.org/index.php/Detail/Object/DownloadRepresentation/representation_id/265/object_id/384/download/1/version/original
387,Susan Mini Mag #3,1993,https://archive.qzap.org/index.php/Detail/Object/DownloadRepresentation/representation_id/111/object_id/387/download/1/version/original
388,Susan Mini Mag #4 The Nude Pride Issue,1993,https://archive.qzap.org/index.php/Detail/Object/DownloadRepresentation/representation_id/113/object_id/388/download/1/version/original
390,The Naked Riot #1,2008,https://archive.qzap.org/index.php/Detail/Object/DownloadRepresentation/representation_id/447/object_id/390/download/1/version/original
392,Susan Mini Mag #2,1992,https://archive.qzap.org/index.php/Detail/Object/DownloadRepresentation/representation_id/109/object_id/392/download/1/version/original
393,Reproduce Freely,2009,https://archive.qzap.org/index.php/Detail/Object/DownloadRepresentation/representation_id/414/object_id/393/download/1/version/original
394,Fluff 'n' Nutter #2,1999,https://archive.qzap.org/index.php/Detail/Object/DownloadRepresentation/representation_id/308/object_id/394/download/1/version/original
395,Boyfunk Manifesto,2002,https://archive.qzap.org/index.php/Detail/Object/DownloadRepresentation/representation_id/116/object_id/395/download/1/version/original
396,Abolish Gender Abolish Patriarchy Abolish War,unknown,https://archive.qzap.org/index.php/Detail/Object/DownloadRepresentation/representation_id/145/object_id/396/download/1/version/original
397,Sunday In The Country With George,1996,https://archive.qzap.org/index.php/Detail/Object/DownloadRepresentation/representation_id/249/object_id/397/download/1/version/original
398,RMO Summer Tour 2008,2008,https://archive.qzap.org/index.php/Detail/Object/DownloadRepresentation/representation_id/305/object_id/398/download/1/version/original
399,Freaky Power #2,1996,https://archive.qzap.org/index.php/Detail/Object/DownloadRepresentation/representation_id/315/object_id/399/download/1/version/original
400,Fat Oppression,unknown,https://archive.qzap.org/index.php/Detail/Object/DownloadRepresentation/representation_id/311/object_id/400/download/1/version/original
403,Non Monogamy: Doin' it and Doin' it and Doin' it Well?,2007,https://archive.qzap.org/index.php/Detail/Object/DownloadRepresentation/representation_id/262/object_id/403/download/1/version/original
404,The Naked Riot #2,2008,https://archive.qzap.org/index.php/Detail/Object/DownloadRepresentation/representation_id/448/object_id/404/download/1/version/original
405,Fuh Cole #5,1994,https://archive.qzap.org/index.php/Detail/Object/DownloadRepresentation/representation_id/230/object_id/405/download/1/version/original
406,Homocore #7,1991,https://archive.qzap.org/index.php/Detail/Object/DownloadRepresentation/representation_id/647/object_id/406/download/1/version/original
407,Heard,2008,https://archive.qzap.org/index.php/Detail/Object/DownloadRepresentation/representation_id/325/object_id/407/download/1/version/original
408,TimTum - A Trans Jew Zine,1999,https://archive.qzap.org/index.php/Detail/Object/DownloadRepresentation/representation_id/68/object_id/408/download/1/version/original
409,Lesbian Voices Vol 2 #2,1976,https://archive.qzap.org/index.php/Detail/Object/DownloadRepresentation/representation_id/206/object_id/409/download/1/version/original
410,Gary Monster Magazine #5 - Big Stinko,unknown,
411,U.S. Kweer Corps #2,2000,https://archive.qzap.org/index.php/Detail/Object/DownloadRepresentation/representation_id/292/object_id/411/download/1/version/original
413,A Trans Questionnaire,2011,https://archive.qzap.org/index.php/Detail/Object/DownloadRepresentation/representation_id/33/object_id/413/download/1/version/original
414,The Foster Kids Guide to HIV Testing,unknown,https://archive.qzap.org/index.php/Detail/Object/DownloadRepresentation/representation_id/5/object_id/414/download/1/version/original
417,Dragazine #4,1992,https://archive.qzap.org/index.php/Detail/Object/DownloadRepresentation/representation_id/56/object_id/417/download/1/version/original
418,Evil Taco: An Unauthorized Biography,unknown,https://archive.qzap.org/index.php/Detail/Object/DownloadRepresentation/representation_id/93/object_id/418/download/1/version/original
420,Black Lesbians in the 70s and Before - An At Home Tour At The Lesbian Herstory Archives,2010,https://archive.qzap.org/index.php/Detail/Object/DownloadRepresentation/representation_id/450/object_id/420/download/1/version/original
421,S.C.A.B (Society for the Complete Annihilation of Breeding),1988,https://archive.qzap.org/index.php/Detail/Object/DownloadRepresentation/representation_id/475/object_id/421/download/1/version/original
422,WHORECORE : Fucking Queer (& Getting Paid),2013,https://archive.qzap.org/index.php/Detail/Object/DownloadRepresentation/representation_id/476/object_id/422/download/1/version/original
423,Trans Rentboys: Love Don't Pay the Rent,2014,https://archive.qzap.org/index.php/Detail/Object/DownloadRepresentation/representation_id/477/object_id/423/download/1/version/original
424,Trans Rentboys: Love Don't Pay the Rent [French],2014,https://archive.qzap.org/index.php/Detail/Object/DownloadRepresentation/representation_id/478/object_id/424/download/1/version/original
425,Activism Through Zines,2013,https://archive.qzap.org/index.php/Detail/Object/DownloadRepresentation/representation_id/483/object_id/425/download/1/version/original
426,FOX&SNAKE / Issue #1 Bisexual Issue,2011,https://archive.qzap.org/index.php/Detail/Object/DownloadRepresentation/representation_id/498/object_id/426/download/1/version/original
427,Lady Gardens,2011,https://archive.qzap.org/index.php/Detail/Object/DownloadRepresentation/representation_id/126/object_id/427/download/1/version/original
428,Hearts of Darkness: A Zinemaker's Apocalypse,unknown,https://archive.qzap.org/index.php/Detail/Object/DownloadRepresentation/representation_id/490/object_id/428/download/1/version/original
429,Bang Bang #8,2003,https://archive.qzap.org/index.php/Detail/Object/DownloadRepresentation/representation_id/491/object_id/429/download/1/version/original
431,Blot #2,1994,https://archive.qzap.org/index.php/Detail/Object/DownloadRepresentation/representation_id/493/object_id/431/download/1/version/original
432,Femme Shark Communique #1,2008,https://archive.qzap.org/index.php/Detail/Object/DownloadRepresentation/representation_id/494/object_id/432/download/1/version/original
433,Hard Femme Bike Tour: Hard Femme Core Zine #1,2008,https://archive.qzap.org/index.php/Detail/Object/DownloadRepresentation/representation_id/495/object_id/433/download/1/version/original
434,Play,2015,https://archive.qzap.org/index.php/Detail/Object/DownloadRepresentation/representation_id/496/object_id/434/download/1/version/original
435,Gay & Lesbian Resources: A Selection of Materials Available at Hennepin County Library,unknown,https://archive.qzap.org/index.php/Detail/Object/DownloadRepresentation/representation_id/497/object_id/435/download/1/version/original
436,I ❤︎ Amy Carter #2: Poison Girls,1993,https://archive.qzap.org/index.php/Detail/Object/DownloadRepresentation/representation_id/499/object_id/436/download/1/version/original
437,Gendercide #6,2011,https://archive.qzap.org/index.php/Detail/Object/DownloadRepresentation/representation_id/500/object_id/437/download/1/version/original
438,SCAB 2,unknown,https://archive.qzap.org/index.php/Detail/Object/DownloadRepresentation/representation_id/501/object_id/438/download/1/version/original
439,WASTED: A fanzine for the vanished London haunts of our alt queer youth,2012,https://archive.qzap.org/index.php/Detail/Object/DownloadRepresentation/representation_id/503/object_id/439/download/1/version/original
440,2B AZN ENUF (always),2013,https://archive.qzap.org/index.php/Detail/Object/DownloadRepresentation/representation_id/504/object_id/440/download/1/version/original
455,NO APOLOGY #1,1993,https://archive.qzap.org/index.php/Detail/Object/DownloadRepresentation/representation_id/505/object_id/455/download/1/version/original
463,The V Files Issue 20,unknown,https://archive.qzap.org/index.php/Detail/Object/DownloadRepresentation/representation_id/506/object_id/463/download/1/version/original
470,From Sheytls to Yarmulkes,2015,https://archive.qzap.org/index.php/Detail/Object/DownloadRepresentation/representation_id/508/object_id/470/download/1/version/original
482,Lesbian and Gay Freedom Movement Newsletter #5,1991,https://archive.qzap.org/index.php/Detail/Object/DownloadRepresentation/representation_id/513/object_id/482/download/1/version/original
483,Lesbian and Gay Freedom Movement #6,1992,https://archive.qzap.org/index.php/Detail/Object/DownloadRepresentation/representation_id/514/object_id/483/download/1/version/original
484,Lesbian and Gay Freedom Movement Newsletter #8,1993,https://archive.qzap.org/index.php/Detail/Object/DownloadRepresentation/representation_id/515/object_id/484/download/1/version/original
485,Lesbian and Gay Freedom Movement Newsletter #10,1995,https://archive.qzap.org/index.php/Detail/Object/DownloadRepresentation/representation_id/516/object_id/485/download/1/version/original
486,Queer Intercourse #4,1992,https://archive.qzap.org/index.php/Detail/Object/DownloadRepresentation/representation_id/517/object_id/486/download/1/version/original
487,QT#4,1992,https://archive.qzap.org/index.php/Detail/Object/DownloadRepresentation/representation_id/519/object_id/487/download/1/version/original
488,Going Homo #2,1993,https://archive.qzap.org/index.php/Detail/Object/DownloadRepresentation/representation_id/520/object_id/488/download/1/version/original
489,Queer City #1,1991,https://archive.qzap.org/index.php/Detail/Object/DownloadRepresentation/representation_id/521/object_id/489/download/1/version/original
490,No Apology #6,unknown,https://archive.qzap.org/index.php/Detail/Object/DownloadRepresentation/representation_id/523/object_id/490/download/1/version/original
491,Homoboy #1,unknown,https://archive.qzap.org/index.php/Detail/Object/DownloadRepresentation/representation_id/524/object_id/491/download/1/version/original
492,Homoboy #3,1994,https://archive.qzap.org/index.php/Detail/Object/DownloadRepresentation/representation_id/525/object_id/492/download/1/version/original
493,Going Homo #3,1994,https://archive.qzap.org/index.php/Detail/Object/DownloadRepresentation/representation_id/526/object_id/493/download/1/version/original
494,Going Homo #4,1994,https://archive.qzap.org/index.php/Detail/Object/DownloadRepresentation/representation_id/527/object_id/494/download/1/version/original
495,One Mint Julep #2,unknown,https://archive.qzap.org/index.php/Detail/Object/DownloadRepresentation/representation_id/528/object_id/495/download/1/version/original
496,Mousie #1,1992,https://archive.qzap.org/index.php/Detail/Object/DownloadRepresentation/representation_id/529/object_id/496/download/1/version/original
497,Mousie #4,1994,https://archive.qzap.org/index.php/Detail/Object/DownloadRepresentation/representation_id/530/object_id/497/download/1/version/original
498,Mousie #3,1993,https://archive.qzap.org/index.php/Detail/Object/DownloadRepresentation/representation_id/531/object_id/498/download/1/version/original
499,Mousie #2,unknown,https://archive.qzap.org/index.php/Detail/Object/DownloadRepresentation/representation_id/532/object_id/499/download/1/version/original
500,Rock Against Sexism #5?,1992,https://archive.qzap.org/index.php/Detail/Object/DownloadRepresentation/representation_id/533/object_id/500/download/1/version/original
501,QFM #2,1991,https://archive.qzap.org/index.php/Detail/Object/DownloadRepresentation/representation_id/534/object_id/501/download/1/version/original
502,Girl Cult #3,1996,https://archive.qzap.org/index.php/Detail/Object/DownloadRepresentation/representation_id/535/object_id/502/download/1/version/original
503,Pussy Grazer (1991),1991,https://archive.qzap.org/index.php/Detail/Object/DownloadRepresentation/representation_id/536/object_id/503/download/1/version/original
504,Pussy Grazer (1992?),1992,https://archive.qzap.org/index.php/Detail/Object/DownloadRepresentation/representation_id/537/object_id/504/download/1/version/original
505,Raw Vulva #2,1993,https://archive.qzap.org/index.php/Detail/Object/DownloadRepresentation/representation_id/538/object_id/505/download/1/version/original
506,Rock Against Sexism #4,1990,https://archive.qzap.org/index.php/Detail/Object/DownloadRepresentation/representation_id/539/object_id/506/download/1/version/original
507,As I Breeze Through #3,1995,https://archive.qzap.org/index.php/Detail/Object/DownloadRepresentation/representation_id/540/object_id/507/download/1/version/original
508,Transform the Police That Live Inside of You #1,2012,https://archive.qzap.org/index.php/Detail/Object/DownloadRepresentation/representation_id/541/object_id/508/download/1/version/original
509,Quart #3,unknown,https://archive.qzap.org/index.php/Detail/Object/DownloadRepresentation/representation_id/542/object_id/509/download/1/version/original
510,Gawk #6,1990,https://archive.qzap.org/index.php/Detail/Object/DownloadRepresentation/representation_id/543/object_id/510/download/1/version/original
511,IQ: The Sex-zine for Girls who like Girls who wear Glasses,unknown,https://archive.qzap.org/index.php/Detail/Object/DownloadRepresentation/representation_id/544/object_id/511/download/1/version/original
512,Inciting Desire #2,1992,https://archive.qzap.org/index.php/Detail/Object/DownloadRepresentation/representation_id/545/object_id/512/download/1/version/original
513,Femme Skunk #1,1996,https://archive.qzap.org/index.php/Detail/Object/DownloadRepresentation/representation_id/547/object_id/513/download/1/version/original
514,Nervous Energy #1,unknown,https://archive.qzap.org/index.php/Detail/Object/DownloadRepresentation/representation_id/548/object_id/514/download/1/version/original
515,Popular Sodomy,1992,
516,Zine Queer #2,1993,https://archive.qzap.org/index.php/Detail/Object/DownloadRepresentation/representation_id/554/object_id/516/download/1/version/original
517,SPEW zine,1991,https://archive.qzap.org/index.php/Detail/Object/DownloadRepresentation/representation_id/549/object_id/517/download/1/version/original
518,The Funny Children #2,1994,https://archive.qzap.org/index.php/Detail/Object/DownloadRepresentation/representation_id/550/object_id/518/download/1/version/original
519,The Funny Children #3,1995,https://archive.qzap.org/index.php/Detail/Object/DownloadRepresentation/representation_id/551/object_id/519/download/1/version/original
520,Salt & Sage - V2 #6,1993,https://archive.qzap.org/index.php/Detail/Object/DownloadRepresentation/representation_id/552/object_id/520/download/1/version/original
521,Smeg Dog,1995,https://archive.qzap.org/index.php/Detail/Object/DownloadRepresentation/representation_id/553/object_id/521/download/1/version/original
522,Queer 28,1990,https://archive.qzap.org/index.php/Detail/Object/DownloadRepresentation/representation_id/558/object_id/522/download/1/version/original
523,Queer Zine #1,1995,https://archive.qzap.org/index.php/Detail/Object/DownloadRepresentation/representation_id/559/object_id/523/download/1/version/original
524,Giant Ass Catalog,unknown,https://archive.qzap.org/index.php/Detail/Object/DownloadRepresentation/representation_id/560/object_id/524/download/1/version/original
525,Fuzz Box,1990,https://archive.qzap.org/index.php/Detail/Object/DownloadRepresentation/representation_id/561/object_id/525/download/1/version/original
526,"Fuck Me? No, Fuck You! #2",1992,https://archive.qzap.org/index.php/Detail/Object/DownloadRepresentation/representation_id/562/object_id/526/download/1/version/original
527,Brains #1,1990,https://archive.qzap.org/index.php/Detail/Object/DownloadRepresentation/representation_id/563/object_id/527/download/1/version/original
528,Mean Dyke #1,1990,https://archive.qzap.org/index.php/Detail/Object/DownloadRepresentation/representation_id/564/object_id/528/download/1/version/original
529,Melvis is feminist,2012,https://archive.qzap.org/index.php/Detail/Object/DownloadRepresentation/representation_id/565/object_id/529/download/1/version/original
530,/Gæ • ˈräj/,1993,https://archive.qzap.org/index.php/Detail/Object/DownloadRepresentation/representation_id/566/object_id/530/download/1/version/original
531,Homopunk World #1,1997,https://archive.qzap.org/index.php/Detail/Object/DownloadRepresentation/representation_id/567/object_id/531/download/1/version/original
532,Mala Leche #1,1992,https://archive.qzap.org/index.php/Detail/Object/DownloadRepresentation/representation_id/568/object_id/532/download/1/version/original
533,Reticence and Anxiety #1,1993,https://archive.qzap.org/index.php/Detail/Object/DownloadRepresentation/representation_id/569/object_id/533/download/1/version/original
534,Ginger #2,1995,https://archive.qzap.org/index.php/Detail/Object/DownloadRepresentation/representation_id/570/object_id/534/download/1/version/original
535,Spork #1,1995,https://archive.qzap.org/index.php/Detail/Object/DownloadRepresentation/representation_id/571/object_id/535/download/1/version/original
537,Happy Fag #2,unknown,https://archive.qzap.org/index.php/Detail/Object/DownloadRepresentation/representation_id/572/object_id/537/download/1/version/original
538,Generations of Discontent #1,unknown,https://archive.qzap.org/index.php/Detail/Object/DownloadRepresentation/representation_id/574/object_id/538/download/1/version/original
539,Homomilitia,2000,https://archive.qzap.org/index.php/Detail/Object/DownloadRepresentation/representation_id/575/object_id/539/download/1/version/original
540,Salem #5,1996,https://archive.qzap.org/index.php/Detail/Object/DownloadRepresentation/representation_id/586/object_id/540/download/1/version/original
542,Coughing Up Legomen #5,1998,https://archive.qzap.org/index.php/Detail/Object/DownloadRepresentation/representation_id/587/object_id/542/download/1/version/original
543,Catfood In My Sock #1,1998,https://archive.qzap.org/index.php/Detail/Object/DownloadRepresentation/representation_id/588/object_id/543/download/1/version/original
544,Now I Twist Your Nipples With A Pair Of Spaghetti Tongs #3,1994,https://archive.qzap.org/index.php/Detail/Object/DownloadRepresentation/representation_id/589/object_id/544/download/1/version/original
545,The Queer Truth,1993,https://archive.qzap.org/index.php/Detail/Object/DownloadRepresentation/representation_id/590/object_id/545/download/1/version/original
546,Oi Boy #7,1993,https://archive.qzap.org/index.php/Detail/Object/DownloadRepresentation/representation_id/591/object_id/546/download/1/version/original
547,Life In Out #001,1994,https://archive.qzap.org/index.php/Detail/Object/DownloadRepresentation/representation_id/592/object_id/547/download/1/version/original
548,Muff Monsters on Prozac #1,1996,https://archive.qzap.org/index.php/Detail/Object/DownloadRepresentation/representation_id/594/object_id/548/download/1/version/original
549,Muff Monsters on Prozac #2,1997,https://archive.qzap.org/index.php/Detail/Object/DownloadRepresentation/representation_id/595/object_id/549/download/1/version/original
550,Candy-Ass Spring/Summer 1996,1996,https://archive.qzap.org/index.php/Detail/Object/DownloadRepresentation/representation_id/596/object_id/550/download/1/version/original
551,Sex Panic!,1997,https://archive.qzap.org/index.php/Detail/Object/DownloadRepresentation/representation_id/600/object_id/551/download/1/version/original
552,Smoke Without Fire,2008,https://archive.qzap.org/index.php/Detail/Object/DownloadRepresentation/representation_id/598/object_id/552/download/1/version/original
553,Mad Kweer #1,2003,https://archive.qzap.org/index.php/Detail/Object/DownloadRepresentation/representation_id/599/object_id/553/download/1/version/original
554,Mad Kweer #2,2003,https://archive.qzap.org/index.php/Detail/Object/DownloadRepresentation/representation_id/601/object_id/554/download/1/version/original
555,Mad Kweer #3,2004,https://archive.qzap.org/index.php/Detail/Object/DownloadRepresentation/representation_id/602/object_id/555/download/1/version/original
557,Mad Kweer #4,2004,https://archive.qzap.org/index.php/Detail/Object/DownloadRepresentation/representation_id/604/object_id/557/download/1/version/original
558,Mad Kweer #5,2004,https://archive.qzap.org/index.php/Detail/Object/DownloadRepresentation/representation_id/605/object_id/558/download/1/version/original
559,Mad Kweer #6,2004,https://archive.qzap.org/index.php/Detail/Object/DownloadRepresentation/representation_id/606/object_id/559/download/1/version/original
560,My Pet Growth,2005,https://archive.qzap.org/index.php/Detail/Object/DownloadRepresentation/representation_id/607/object_id/560/download/1/version/original
561,A Figment of an Imagined Nation #2,1992,https://archive.qzap.org/index.php/Detail/Object/DownloadRepresentation/representation_id/608/object_id/561/download/1/version/original
562,Think for Yourself #12 / Chasing Rainbows #2,1989,https://archive.qzap.org/index.php/Detail/Object/DownloadRepresentation/representation_id/609/object_id/562/download/1/version/original
563,CampTrans,2001,https://archive.qzap.org/index.php/Detail/Object/DownloadRepresentation/representation_id/610/object_id/563/download/1/version/original
565,Concerned Muthers #6,1995,https://archive.qzap.org/index.php/Detail/Object/DownloadRepresentation/representation_id/611/object_id/565/download/1/version/original
566,Salem #6,1996,https://archive.qzap.org/index.php/Detail/Object/DownloadRepresentation/representation_id/612/object_id/566/download/1/version/original
567,Raw/Idea #3,unknown,https://archive.qzap.org/index.php/Detail/Object/DownloadRepresentation/representation_id/613/object_id/567/download/1/version/original
568,Swerve #2,1992,https://archive.qzap.org/index.php/Detail/Object/DownloadRepresentation/representation_id/614/object_id/568/download/1/version/original
569,DIY Zine Libraries,2011,https://archive.qzap.org/index.php/Detail/Object/DownloadRepresentation/representation_id/615/object_id/569/download/1/version/original
570,Siren,1992,https://archive.qzap.org/index.php/Detail/Object/DownloadRepresentation/representation_id/616/object_id/570/download/1/version/original
571,Freak Anti-zine,unknown,https://archive.qzap.org/index.php/Detail/Object/DownloadRepresentation/representation_id/617/object_id/571/download/1/version/original
572,Piss Elegant #1 (reissue),1991,https://archive.qzap.org/index.php/Detail/Object/DownloadRepresentation/representation_id/618/object_id/572/download/1/version/original
573,Thurteen #1,1992,https://archive.qzap.org/index.php/Detail/Object/DownloadRepresentation/representation_id/619/object_id/573/download/1/version/original
574,No External Compulsion #6,1990,https://archive.qzap.org/index.php/Detail/Object/DownloadRepresentation/representation_id/620/object_id/574/download/1/version/original
576,Fist In Your Face #2,1990,https://archive.qzap.org/index.php/Detail/Object/DownloadRepresentation/representation_id/621/object_id/576/download/1/version/original
577,Fair Game Open Season,unknown,https://archive.qzap.org/index.php/Detail/Object/DownloadRepresentation/representation_id/622/object_id/577/download/1/version/original
578,A Dry Pocket to Piss In,unknown,https://archive.qzap.org/index.php/Detail/Object/DownloadRepresentation/representation_id/623/object_id/578/download/1/version/original
579,The Probe #1,1991,https://archive.qzap.org/index.php/Detail/Object/DownloadRepresentation/representation_id/624/object_id/579/download/1/version/original
580,Piercing O.D.,unknown,https://archive.qzap.org/index.php/Detail/Object/DownloadRepresentation/representation_id/625/object_id/580/download/1/version/original
581,Teen Fag #4,1995,https://archive.qzap.org/index.php/Detail/Object/DownloadRepresentation/representation_id/626/object_id/581/download/1/version/original
582,Teen Fag #3,1994,https://archive.qzap.org/index.php/Detail/Object/DownloadRepresentation/representation_id/627/object_id/582/download/1/version/original
583,Teen Fag #5,1996,https://archive.qzap.org/index.php/Detail/Object/DownloadRepresentation/representation_id/628/object_id/583/download/1/version/original
584,Infected Faggot Perspectives #12,1992,https://archive.qzap.org/index.php/Detail/Object/DownloadRepresentation/representation_id/629/object_id/584/download/1/version/original
585,Swerve #3,1993,https://archive.qzap.org/index.php/Detail/Object/DownloadRepresentation/representation_id/630/object_id/585/download/1/version/original
586,Whorezine #29,1995,https://archive.qzap.org/index.php/Detail/Object/DownloadRepresentation/representation_id/631/object_id/586/download/1/version/original
587,Hot Dog #3,unknown,https://archive.qzap.org/index.php/Detail/Object/DownloadRepresentation/representation_id/632/object_id/587/download/1/version/original
588,Rough Play...Rough Trade #1,1993,https://archive.qzap.org/index.php/Detail/Object/DownloadRepresentation/representation_id/633/object_id/588/download/1/version/original
590,Cheering For The Montreal Canadiens & Other Things I Never Did Before,2015,https://archive.qzap.org/index.php/Detail/Object/DownloadRepresentation/representation_id/636/object_id/590/download/1/version/original
591,Queer Terrorist / Queer Tapette #4,1993,https://archive.qzap.org/index.php/Detail/Object/DownloadRepresentation/representation_id/637/object_id/591/download/1/version/original
592,Meridian,1995,https://archive.qzap.org/index.php/Detail/Object/DownloadRepresentation/representation_id/638/object_id/592/download/1/version/original
593,Painter Lewis #4,1996,https://archive.qzap.org/index.php/Detail/Object/DownloadRepresentation/representation_id/639/object_id/593/download/1/version/original
594,Growing Pains #1,1996,https://archive.qzap.org/index.php/Detail/Object/DownloadRepresentation/representation_id/640/object_id/594/download/1/version/original
596,The Lesbian Lexicon Project,2007,https://archive.qzap.org/index.php/Detail/Object/DownloadRepresentation/representation_id/641/object_id/596/download/1/version/original
597,One Mint Julep #1,unknown,https://archive.qzap.org/index.php/Detail/Object/DownloadRepresentation/representation_id/643/object_id/597/download/1/version/original
598,PATS #0,1992,https://archive.qzap.org/index.php/Detail/Object/DownloadRepresentation/representation_id/644/object_id/598/download/1/version/original
600,PATS #1,1992,https://archive.qzap.org/index.php/Detail/Object/DownloadRepresentation/representation_id/645/object_id/600/download/1/version/original
601,PATS #2,1993,https://archive.qzap.org/index.php/Detail/Object/DownloadRepresentation/representation_id/646/object_id/601/download/1/version/original
602,Fuzz Box Issue 2 No 5,1991,https://archive.qzap.org/index.php/Detail/Object/DownloadRepresentation/representation_id/649/object_id/602/download/1/version/original
603,Wild Fermentation,2001,https://archive.qzap.org/index.php/Detail/Object/DownloadRepresentation/representation_id/651/object_id/603/download/1/version/original
604,"Big Zine, Little Zine",2011,https://archive.qzap.org/index.php/Detail/Object/DownloadRepresentation/representation_id/652/object_id/604/download/1/version/original
606,PATS #3,1993,https://archive.qzap.org/index.php/Detail/Object/DownloadRepresentation/representation_id/656/object_id/606/download/1/version/original
607,PATS #4,1994,https://archive.qzap.org/index.php/Detail/Object/DownloadRepresentation/representation_id/657/object_id/607/download/1/version/original
608,PATS #5,1994,https://archive.qzap.org/index.php/Detail/Object/DownloadRepresentation/representation_id/658/object_id/608/download/1/version/original
609,PATS #6,1994,https://archive.qzap.org/index.php/Detail/Object/DownloadRepresentation/representation_id/660/object_id/609/download/1/version/original
610,PATS #7,1994,https://archive.qzap.org/index.php/Detail/Object/DownloadRepresentation/representation_id/661/object_id/610/download/1/version/original
611,PATS #8,1994,https://archive.qzap.org/index.php/Detail/Object/DownloadRepresentation/representation_id/662/object_id/611/download/1/version/original
612,PATS #9,1995,https://archive.qzap.org/index.php/Detail/Object/DownloadRepresentation/representation_id/663/object_id/612/download/1/version/original
613,PATS #10,1995,https://archive.qzap.org/index.php/Detail/Object/DownloadRepresentation/representation_id/664/object_id/613/download/1/version/original
614,PATS #11,1995,https://archive.qzap.org/index.php/Detail/Object/DownloadRepresentation/representation_id/665/object_id/614/download/1/version/original
615,PATS #12,1995,https://archive.qzap.org/index.php/Detail/Object/DownloadRepresentation/representation_id/666/object_id/615/download/1/version/original
616,We Have Always Existed: Transgender People through History,2022,https://archive.qzap.org/index.php/Detail/Object/DownloadRepresentation/representation_id/669/object_id/616/download/1/version/original
617,PATS #13,1996,https://archive.qzap.org/index.php/Detail/Object/DownloadRepresentation/representation_id/670/object_id/617/download/1/version/original
618,PATS #14,1996,https://archive.qzap.org/index.php/Detail/Object/DownloadRepresentation/representation_id/673/object_id/618/download/1/version/original
619,PATS #15,1996,https://archive.qzap.org/index.php/Detail/Object/DownloadRepresentation/representation_id/674/object_id/619/download/1/version/original
620,PATS #16,1996,https://archive.qzap.org/index.php/Detail/Object/DownloadRepresentation/representation_id/675/object_id/620/download/1/version/original
621,PATS #17,1997,https://archive.qzap.org/index.php/Detail/Object/DownloadRepresentation/representation_id/676/object_id/621/download/1/version/original
622,PATS #18,1997,https://archive.qzap.org/index.php/Detail/Object/DownloadRepresentation/representation_id/677/object_id/622/download/1/version/original
623,PATS #19,1997,https://archive.qzap.org/index.php/Detail/Object/DownloadRepresentation/representation_id/678/object_id/623/download/1/version/original
624,PATS #20,1997,https://archive.qzap.org/index.php/Detail/Object/DownloadRepresentation/representation_id/679/object_id/624/download/1/version/original
625,PATS #21,1998,https://archive.qzap.org/index.php/Detail/Object/DownloadRepresentation/representation_id/680/object_id/625/download/1/version/original
626,PATS #22,1998,https://archive.qzap.org/index.php/Detail/Object/DownloadRepresentation/representation_id/681/object_id/626/download/1/version/original
627,PATS #23,1998,https://archive.qzap.org/index.php/Detail/Object/DownloadRepresentation/representation_id/682/object_id/627/download/1/version/original
630,PATS #24,1998,https://archive.qzap.org/index.php/Detail/Object/DownloadRepresentation/representation_id/683/object_id/630/download/1/version/original
633,PATS #25,1999,https://archive.qzap.org/index.php/Detail/Object/DownloadRepresentation/representation_id/684/object_id/633/download/1/version/original
634,PATS #26,1999,https://archive.qzap.org/index.php/Detail/Object/DownloadRepresentation/representation_id/686/object_id/634/download/1/version/original
635,PATS #27,1999,https://archive.qzap.org/index.php/Detail/Object/DownloadRepresentation/representation_id/687/object_id/635/download/1/version/original
636,PATS #28,1999,https://archive.qzap.org/index.php/Detail/Object/DownloadRepresentation/representation_id/688/object_id/636/download/1/version/original
637,PATS Roze Lente Special Issue,1997,https://archive.qzap.org/index.php/Detail/Object/DownloadRepresentation/representation_id/689/object_id/637/download/1/version/original
638,Oh No,2022,https://archive.qzap.org/index.php/Detail/Object/DownloadRepresentation/representation_id/690/object_id/638/download/1/version/original
639,Militant Queer Insurrection!,2010,https://archive.qzap.org/index.php/Detail/Object/DownloadRepresentation/representation_id/691/object_id/639/download/1/version/original
